music,link,age,tag_1,tag_2
PARUN - CLOUD,https://youtu.be/N_EwfIOXrtE,20,뉴에이지,평화로운
PARUN - LAST HOPE,https://youtu.be/spx660Hsh9k,20,뉴에이지,진정되는
PARUN - I miss you,https://youtu.be/kM9l30iyqcg,20,뉴에이지,피아노
PARUN - Cloud 9,https://youtu.be/_13_ZRe_AXY,20,뉴에이지,잔잔한
PARUN - Forbidden love,https://youtu.be/0cF8dE250zI,20,뉴에이지,통통튀는
PARUN - JUSTICE,https://youtu.be/dXM3dRDIwDM,20,뉴에이지,피아노
PARUN - LIFE,https://youtu.be/w5GZieZVx7A,20,뉴에이지,평화로운
PARUN - Moments,https://youtu.be/FAxBBhD-K0c,20,뉴에이지,새벽감성
PARUN - November,https://youtu.be/wHzjb0powz4,20,뉴에이지,잔잔한
PARUN - Melody of sunset,https://youtu.be/JyZDbjXTY0g,20,뉴에이지,평화로운
PARUN - NEW TOWN,https://youtu.be/JYgxihxVbLQ,20,뉴에이지,새벽감성
PARUN - Night Of Universe,https://youtu.be/Kqf4jDDKEwo,20,뉴에이지,힐링
PARUN - Virtual World,https://youtu.be/znpkNN38fvQ,20,뉴에이지,피아노
PARUN - Nightfall,https://youtu.be/0TMjRv7g_1U,20,뉴에이지,트로피컬
PARUN - Someday,https://youtu.be/Y75LXNdd4JY,20,뉴에이지,선율
PARUN - You,https://youtu.be/NSXOa4Z2Fe0,20,뉴에이지,평화로운
PARUN - Memories,https://youtu.be/7i8AhYf7FW4,20,뉴에이지,잔잔한
PARUN - GALAXY,https://youtu.be/V4xbfPc-cC4,20,뉴에이지,힐링
PARUN - Solar Calenda,https://youtu.be/8MWimtv0ZPc,20,뉴에이지,통통튀는
PARUN - Moonlight,https://youtu.be/YGz3GOVQA74,20,뉴에이지,새벽감성
PARUN - Departure for her,https://youtu.be/Uh6VYISsJe4,20,뉴에이지,잔잔한
PARUN - Silhouette,https://youtu.be/jAlCP4rFs10,20,뉴에이지,힐링
PARUN - Spring's trip,https://youtu.be/aQgZmOKIlM4,20,뉴에이지,감미로운
PARUN - Stairs,https://youtu.be/RzAnjpADEXE,20,뉴에이지,평화로운
PARUN - Joy of life,https://youtu.be/P8Hosbj_qFY,20,뉴에이지,트로피컬
PARUN - Snow Blossom,https://youtu.be/pLVRP2bg2-Q,20,뉴에이지,잔잔한
PARUN -  On the voyage,https://youtu.be/alQGYgGi9sA,20,뉴에이지,통통튀는
PARUN - Liquidite,https://youtu.be/wxhVPufXo5c,20,뉴에이지,선율
PARUN - Lights,https://youtu.be/16zd9vik6JE,20,뉴에이지,평화로운
PARUN - City Lights,https://youtu.be/Y5nuPcGm40g,20,뉴에이지,감미로운
PARUN - Here With You,https://youtu.be/KqZ3cU3EqSc,20,뉴에이지,감미로운
Yiruma - Dance,https://youtu.be/a5eiF_ozVEU,20,뉴에이지,잔잔한
Yiruma - Waltz in E Minor,https://youtu.be/zDedhdD_lQs,20,뉴에이지,피아노선율
Yiruma - Blind Film,https://youtu.be/aW1nemadA7o,20,뉴에이지,잔잔한
Yiruma - Reminiscent,https://youtu.be/7Cq175HNWu0,20,뉴에이지,감미로운
Yiruma - River Flows in You,https://youtu.be/7maJOI3QMu0,20,뉴에이지,감미로운
Yiruma - Kiss the Rain,https://youtu.be/imGaOIm5HOk,20,뉴에이지,잔잔한
Hisaishi Joe - 인생의 회전목마,https://youtu.be/NXt-YY3Xt8Q,20,뉴에이지,감미로운
한혜진 - Rain Again,https://youtu.be/tlcNFnC6Xso,20,뉴에이지,선율
한혜진 - Skyhigh,https://youtu.be/IxtT9TyMV-I,20,뉴에이지,감미로운
박종훈 - The Kiss,https://youtu.be/mWFe3snVfYQ,20,뉴에이지,진정
Acacia - 달을 보는 아이,https://youtu.be/L-wHGYD5_tY,20,뉴에이지,평화로운
한혜진 - Someday,https://youtu.be/acpX4DIKZVY,20,뉴에이지,감미로운
Chloe - Dreamy piano music,https://youtu.be/-aoWKV9wFIw,20,피아노,선율
Acacia - 꽃잎이 날리다,https://youtu.be/zd5opFhavts,20,뉴에이지,평화로운
Neal K - Way back home piano cover,https://youtu.be/g1_AINOBk-U,20,피아노,감미로운
드뷔시 달빛 (조성진 cover),https://youtu.be/97_VJve7UVc,20,피아노,감미로운
Chopin - Nocturne op.9 No.2,https://youtu.be/9E6b3swbnWg,40,클래식,선율
Chopin - Nocturne op.9 No.1,https://youtu.be/Nb3vj9zTHX0,40,클래식,평화로운
Schubert - Serenade,https://youtu.be/biUv4VLW0fc,40,클래식,감미로운
Debussy - Arabesque No.1 and No.2,https://youtu.be/9Fle2CP8gR0,40,클래식,선율
Chopin - Nocturne in C minor B 108,https://youtu.be/h80JKPqdNtw,40,클래식,감미로운
Brahms - 4 Ballades Op.10 No. 1 - Andante,https://youtu.be/dyYhc79ZtGA,40,클래식,선율
Chopin - Fantasy Op. 49,https://youtu.be/LZuRs0BxR74,40,클래식,감미로운
Mozart - Fantasia in D minor K 397,https://youtu.be/BKZJmxXhFf4,40,클래식,평화로운
Johann Strauss Jr - Wiener Blut Op. 354 - Waltz,https://youtu.be/Uxd-UOCV4DM,40,클래식,선율
Fauré - Fantaisie Op. 79,https://youtu.be/Lrta7UWapfA,40,클래식,감미로운
Chopin - Berceuse in D flat major Op. 57,https://youtu.be/DLrsTjn7VqY,40,클래식,평화로운
Chopin - Waltz in F major Op. 34 No. 3,https://youtu.be/xj8ybhqZvo0,40,클래식,왈츠
"Bach - Jesus, Joy of Man's Desiring",https://youtu.be/uAuurVit0Ac,40,클래식,선율
Handel - Recorder Sonata in F HWV 369,https://youtu.be/WdLYZVaOqhk,40,클래식,감미로운
PARUN - CLOUD,https://youtu.be/N_EwfIOXrtE,30,뉴에이지,평화로운
PARUN - LAST HOPE,https://youtu.be/spx660Hsh9k,30,뉴에이지,진정되는
PARUN - I miss you,https://youtu.be/kM9l30iyqcg,30,뉴에이지,피아노
PARUN - Cloud 9,https://youtu.be/_13_ZRe_AXY,30,뉴에이지,잔잔한
PARUN - Forbidden love,https://youtu.be/0cF8dE250zI,30,뉴에이지,통통튀는
PARUN - JUSTICE,https://youtu.be/dXM3dRDIwDM,30,뉴에이지,피아노
PARUN - LIFE,https://youtu.be/w5GZieZVx7A,30,뉴에이지,평화로운
PARUN - Moments,https://youtu.be/FAxBBhD-K0c,30,뉴에이지,새벽감성
PARUN - November,https://youtu.be/wHzjb0powz4,30,뉴에이지,잔잔한
PARUN - Melody of sunset,https://youtu.be/JyZDbjXTY0g,30,뉴에이지,평화로운
PARUN - NEW TOWN,https://youtu.be/JYgxihxVbLQ,30,뉴에이지,새벽감성
PARUN - Night Of Universe,https://youtu.be/Kqf4jDDKEwo,30,뉴에이지,힐링
PARUN - Virtual World,https://youtu.be/znpkNN38fvQ,30,뉴에이지,피아노
PARUN - Nightfall,https://youtu.be/0TMjRv7g_1U,30,뉴에이지,트로피컬
PARUN - Someday,https://youtu.be/Y75LXNdd4JY,30,뉴에이지,선율
PARUN - You,https://youtu.be/NSXOa4Z2Fe0,30,뉴에이지,평화로운
PARUN - Memories,https://youtu.be/7i8AhYf7FW4,30,뉴에이지,잔잔한
PARUN - GALAXY,https://youtu.be/V4xbfPc-cC4,30,뉴에이지,힐링
PARUN - Solar Calenda,https://youtu.be/8MWimtv0ZPc,30,뉴에이지,통통튀는
PARUN - Moonlight,https://youtu.be/YGz3GOVQA74,30,뉴에이지,새벽감성
PARUN - Departure for her,https://youtu.be/Uh6VYISsJe4,30,뉴에이지,잔잔한
PARUN - Silhouette,https://youtu.be/jAlCP4rFs10,30,뉴에이지,힐링
PARUN - Spring's trip,https://youtu.be/aQgZmOKIlM4,30,뉴에이지,감미로운
PARUN - Stairs,https://youtu.be/RzAnjpADEXE,30,뉴에이지,평화로운
PARUN - Joy of life,https://youtu.be/P8Hosbj_qFY,30,뉴에이지,트로피컬
PARUN - Snow Blossom,https://youtu.be/pLVRP2bg2-Q,30,뉴에이지,잔잔한
PARUN -  On the voyage,https://youtu.be/alQGYgGi9sA,30,뉴에이지,통통튀는
PARUN - Liquidite,https://youtu.be/wxhVPufXo5c,30,뉴에이지,선율
PARUN - Lights,https://youtu.be/16zd9vik6JE,30,뉴에이지,평화로운
PARUN - City Lights,https://youtu.be/Y5nuPcGm40g,30,뉴에이지,감미로운
PARUN - Here With You,https://youtu.be/KqZ3cU3EqSc,30,뉴에이지,감미로운
Yiruma - Dance,https://youtu.be/a5eiF_ozVEU,30,뉴에이지,잔잔한
Yiruma - Waltz in E Minor,https://youtu.be/zDedhdD_lQs,30,뉴에이지,피아노선율
Yiruma - Blind Film,https://youtu.be/aW1nemadA7o,30,뉴에이지,잔잔한
Yiruma - Reminiscent,https://youtu.be/7Cq175HNWu0,30,뉴에이지,감미로운
Yiruma - River Flows in You,https://youtu.be/7maJOI3QMu0,30,뉴에이지,감미로운
Yiruma - Kiss the Rain,https://youtu.be/imGaOIm5HOk,30,뉴에이지,잔잔한
Hisaishi Joe - 인생의 회전목마,https://youtu.be/NXt-YY3Xt8Q,30,뉴에이지,감미로운
한혜진 - Rain Again,https://youtu.be/tlcNFnC6Xso,30,뉴에이지,선율
한혜진 - Skyhigh,https://youtu.be/IxtT9TyMV-I,30,뉴에이지,감미로운
박종훈 - The Kiss,https://youtu.be/mWFe3snVfYQ,30,뉴에이지,진정
Acacia - 달을 보는 아이,https://youtu.be/L-wHGYD5_tY,30,뉴에이지,평화로운
한혜진 - Someday,https://youtu.be/acpX4DIKZVY,30,뉴에이지,감미로운
Chloe - Dreamy piano music,https://youtu.be/-aoWKV9wFIw,30,피아노,선율
Acacia - 꽃잎이 날리다,https://youtu.be/zd5opFhavts,30,뉴에이지,평화로운
Neal K - Way back home piano cover,https://youtu.be/g1_AINOBk-U,30,피아노,감미로운
드뷔시 달빛 (조성진 cover),https://youtu.be/97_VJve7UVc,30,피아노,감미로운
